{
  "version": 1,
  "author": "Anonymous maker",
  "editor": "wokwi",
  "parts": [
    { "type": "wokwi-arduino-uno", "id": "uno", "top": 0, "left": 0, "attrs": {} },
    {
      "type": "wokwi-pushbutton",
      "id": "btn1",
      "top": -76.9,
      "left": 80.3,
      "rotate": 90,
      "attrs": { "color": "green" }
    },
    {
      "type": "wokwi-7segment",
      "id": "sevseg1",
      "top": 43.38,
      "left": 321.88,
      "attrs": { "common": "cathode" }
    }
  ],
  "connections": [
    [ "btn1:2.r", "uno:GND.1", "green", [ "v0" ] ],
    [ "btn1:1.r", "uno:13", "green", [ "v0" ] ],
    [ "sevseg1:G", "uno:7", "green", [ "v-56.76", "h-134.4" ] ],
    [ "sevseg1:F", "uno:6", "green", [ "v-66.36", "h-134.4" ] ],
    [ "sevseg1:A", "uno:5", "green", [ "v-75.96", "h-144" ] ],
    [ "sevseg1:B", "uno:4", "green", [ "v-85.56", "h-144" ] ],
    [ "sevseg1:COM.2", "btn1:2.r", "green", [ "h0", "v-95.16", "h-163.2", "v28.8" ] ],
    [ "sevseg1:E", "uno:A0", "green", [ "v96", "h-9.6" ] ],
    [ "uno:A1", "sevseg1:D", "green", [ "v29.3", "h3.3" ] ],
    [ "sevseg1:C", "uno:A2", "green", [ "v115.2", "h-134.4" ] ],
    [ "sevseg1:DP", "uno:A3", "green", [ "v124.8", "h-124.8" ] ]
  ],
  "dependencies": {}
}